<?xml version="1.0" encoding="UTF-8"?>
<project-private xmlns="http://www.netbeans.org/ns/project-private/1">
    <editor-bookmarks xmlns="http://www.netbeans.org/ns/editor-bookmarks/2" lastBookmarkId="0"/>
    <open-files xmlns="http://www.netbeans.org/ns/projectui-open-files/2">
        <group name="cs330">
            <file>file:/Users/warford/Documents/Classes/cs330/Java/Prob0720/src/prob0720/Prob0720Main.java</file>
        </group>
        <group>
            <file>file:/D:/Computer%20Systems/Assignmnet%2022/Prob0720/src/prob0720/Translator.java</file>
            <file>file:/D:/Computer%20Systems/Assignmnet%2022/Prob0720/src/prob0720/NonUnaryInstr.java</file>
            <file>file:/D:/Computer%20Systems/Assignmnet%2022/Prob0720/src/prob0720/Mnemon.java</file>
            <file>file:/D:/Computer%20Systems/Assignmnet%2022/Prob0720/src/prob0720/Maps.java</file>
            <file>file:/D:/Computer%20Systems/Assignmnet%2022/Prob0720/src/prob0720/AddressingMode.java</file>
        </group>
    </open-files>
</project-private>
